,City,Lat,Lng,Max Temp,Humidity,Cloudliness,Wind Speed,Country,Date
0,Cumana,10.46,-64.18,84.04,69,92,6.44,VE,1595436790
1,Saint-Philippe,-21.36,55.77,68.0,64,90,8.05,RE,1595436791
2,Puerto Ayora,-0.74,-90.35,75.2,69,75,16.11,EC,1595436296
3,Kahului,20.89,-156.47,75.0,64,1,6.93,US,1595436696
4,Ushuaia,-54.8,-68.3,35.6,74,84,3.36,AR,1595436918
5,Sayyan,15.17,44.32,68.59,53,85,6.44,YE,1595437119
6,Adrar,20.5,-10.07,111.02,9,9,8.7,MR,1595437119
7,Leningradskiy,69.38,178.42,57.4,48,100,4.03,RU,1595436645
8,Dikson,73.51,80.55,40.98,92,1,5.84,RU,1595436908
9,Khani,41.96,42.96,75.2,78,40,9.17,GE,1595437120
10,Atuona,-9.8,-139.03,79.41,76,22,19.64,PF,1595436399
11,Rawson,-43.3,-65.1,42.35,64,100,13.71,AR,1595436961
12,Christchurch,-43.53,172.63,46.0,81,2,25.28,NZ,1595437120
13,Bubaque,11.28,-15.83,80.87,81,31,11.21,GW,1595436738
14,Ginda,30.69,78.49,62.64,78,22,2.73,IN,1595437121
15,Port Alfred,-33.59,26.89,62.67,84,0,4.36,ZA,1595437121
16,Carballo,43.21,-8.69,87.8,57,20,5.82,ES,1595437121
17,Poconé,-16.26,-56.62,95.79,17,0,7.43,BR,1595437121
18,Hasaki,35.73,140.83,75.2,94,75,4.7,JP,1595436468
19,Nikolskoye,59.7,30.79,66.2,55,20,17.9,RU,1595436534
20,Castro,-24.79,-50.01,73.47,48,67,6.08,BR,1595436441
21,Plettenberg Bay,-34.05,23.37,59.61,78,0,3.44,ZA,1595437122
22,Hilo,19.73,-155.09,69.8,73,1,5.82,US,1595436554
23,Rikitea,-23.12,-134.97,67.39,57,100,13.6,PF,1595436896
24,Orcopampa,-15.27,-72.34,57.7,29,0,4.18,PE,1595437122
25,Punta Arenas,-53.15,-70.92,26.6,92,75,8.05,CL,1595437118
26,Chicama,-7.84,-79.15,71.98,56,19,10.78,PE,1595436730
27,Camacupa,-12.02,17.48,66.88,27,0,4.21,AO,1595437122
28,Inhambane,-23.86,35.38,66.2,63,20,9.17,MZ,1595437122
29,Mataura,-46.19,168.86,39.0,83,96,3.0,NZ,1595437122
30,Albany,42.6,-73.97,84.0,56,46,3.98,US,1595436910
31,Wakefield,53.68,-1.5,66.99,60,98,1.99,GB,1595437071
32,Praia da Vitória,38.73,-27.07,75.2,60,40,5.06,PT,1595437123
33,Kita,13.03,-9.49,81.63,81,88,6.87,ML,1595437123
34,East London,-33.02,27.91,65.91,80,0,4.56,ZA,1595436890
35,Saint Paul Harbor,57.79,-152.41,57.2,62,1,8.05,US,1595436890
36,Bluff,-46.6,168.33,39.0,83,80,3.0,NZ,1595436901
37,Coari,-4.08,-63.14,87.75,54,98,1.3,BR,1595437123
38,Emerald,-23.53,148.17,55.4,100,40,4.7,AU,1595437123
39,Caravelas,-17.71,-39.25,77.97,52,1,6.2,BR,1595436975
40,Ponta Delgada,37.73,-25.67,71.6,60,75,5.82,PT,1595437123
41,Abay,49.63,72.85,55.4,93,53,11.48,KZ,1595437124
42,Vila Velha,-20.33,-40.29,82.4,54,20,12.75,BR,1595436486
43,Alenquer,-1.94,-54.74,84.2,74,75,4.7,BR,1595437124
44,Lagoa,39.05,-27.98,69.73,73,11,2.86,PT,1595437124
45,Tura,25.52,90.22,74.64,96,100,4.43,IN,1595436530
46,Graham,47.05,-122.29,64.0,88,90,4.7,US,1595437124
47,Jamestown,42.1,-79.24,78.01,78,75,8.05,US,1595436879
48,Vaini,-21.2,-175.2,57.2,100,20,2.24,TO,1595436889
49,Bredasdorp,-34.53,20.04,57.2,93,0,4.7,ZA,1595437124
50,Vaasa,63.1,21.62,57.99,76,90,6.93,FI,1595437124
51,George Town,5.41,100.34,78.8,94,40,4.7,MY,1595437056
52,Mahébourg,-20.41,57.7,66.2,82,40,19.46,MU,1595436903
53,Lebu,-37.62,-73.65,54.18,67,54,3.04,CL,1595437125
54,Busselton,-33.65,115.33,60.01,65,82,22.01,AU,1595437086
55,Bechem,7.09,-2.02,78.39,91,60,2.06,GH,1595437125
56,New Norfolk,-42.78,147.06,46.0,84,79,3.4,AU,1595436542
57,Flinders,-34.58,150.86,48.99,82,12,3.0,AU,1595436615
58,Iqaluit,63.75,-68.51,50.0,76,90,3.36,CA,1595436589
59,Khatanga,71.97,102.5,49.64,78,100,7.74,RU,1595436588
60,Ambilobe,-13.2,49.05,69.03,75,76,2.48,MG,1595437125
61,Vaitape,-16.52,-151.75,77.92,76,43,18.77,PF,1595437125
62,Laguna,38.42,-121.42,69.01,72,1,5.82,US,1595436551
63,Tarakan,3.3,117.63,82.99,70,78,3.09,ID,1595436905
64,Klaksvík,62.23,-6.59,53.6,76,96,6.93,FO,1595437126
65,Qaanaaq,77.48,-69.36,47.55,53,4,4.38,GL,1595437126
66,Pangody,65.85,74.49,51.6,72,4,11.5,RU,1595437126
67,Jeypore,18.85,82.58,76.91,86,100,4.32,IN,1595437126
68,Isangel,-19.55,169.27,68.77,77,1,13.09,VU,1595437126
69,Kilindoni,-7.91,39.67,76.55,73,19,20.76,TZ,1595437126
70,Bariloche,-41.15,-71.31,30.2,86,90,11.41,AR,1595437044
71,Saldanha,-33.01,17.94,60.8,72,0,4.7,ZA,1595436562
72,Maţāy,28.42,30.78,93.13,26,0,17.11,EG,1595437127
73,Vila Franca do Campo,37.72,-25.43,71.6,60,75,5.82,PT,1595437127
74,Rincon,32.3,-81.24,91.99,52,40,3.36,US,1595437127
75,Touros,-5.2,-35.46,84.2,54,75,10.29,BR,1595437127
76,Tuatapere,-46.13,167.68,39.0,83,92,3.0,NZ,1595436430
77,Muros,42.78,-9.06,77.0,62,0,10.0,ES,1595437127
78,Souillac,-20.52,57.52,66.2,82,40,19.46,MU,1595437127
79,Cosalá,24.41,-106.69,88.0,75,48,5.01,MX,1595437128
80,Egvekinot,66.32,-179.17,51.04,65,12,1.97,RU,1595436458
81,Thompson,55.74,-97.86,75.2,57,40,11.41,CA,1595437128
82,Gīdam,18.98,81.4,78.17,86,100,2.91,IN,1595437128
83,Havre-St-Pierre,50.23,-63.6,66.2,63,75,24.16,CA,1595437128
84,Kavieng,-2.57,150.8,82.18,76,3,12.75,PG,1595437128
85,Kutum,14.2,24.67,85.26,35,66,7.56,SD,1595437128
86,Torbay,47.67,-52.73,77.0,47,75,20.8,CA,1595437129
87,Hobart,-42.88,147.33,46.0,80,80,8.05,AU,1595436893
88,Tasiilaq,65.61,-37.64,42.8,87,75,9.17,GL,1595437129
89,Ribeira Grande,38.52,-28.7,75.2,69,40,10.29,PT,1595436396
90,Muzaffargarh,30.08,71.19,87.8,70,20,4.7,PK,1595437129
91,Yulara,-25.24,130.99,46.4,61,0,6.93,AU,1595437129
92,Pachino,36.72,15.09,84.2,39,0,6.93,IT,1595437129
93,Hermanus,-34.42,19.23,55.0,89,0,4.05,ZA,1595437130
94,Airai,-8.93,125.41,53.73,84,35,3.58,TL,1595436619
95,Liepāja,56.54,21.04,59.0,82,0,8.05,LV,1595437131
96,Mayumba,-3.43,10.66,72.28,81,25,6.8,GA,1595437131
97,Valdagno,45.65,11.31,89.01,62,43,3.0,IT,1595437131
98,Hithadhoo,-0.6,73.08,84.25,73,14,9.4,MV,1595437130
99,Oshkosh,44.02,-88.54,73.4,64,75,10.29,US,1595436965
100,Shamkhal,43.06,47.34,82.4,45,20,6.71,RU,1595437131
101,Honchō,41.88,140.68,68.95,92,100,1.88,JP,1595437132
102,Kapit,2.02,112.93,75.02,94,99,1.9,MY,1595437132
103,Charters Towers,-20.1,146.27,59.54,93,90,11.1,AU,1595437132
104,Port Elizabeth,-33.92,25.57,62.6,88,20,5.82,ZA,1595437132
105,Ambunti,-4.24,142.84,73.17,98,2,1.16,PG,1595437132
106,Sapa,5.15,120.32,83.14,77,20,6.46,PH,1595437132
107,Barrow,71.29,-156.79,33.8,100,90,4.7,US,1595437132
108,Coahuayana Viejo,18.73,-103.68,75.2,88,75,3.44,MX,1595437132
109,Fairbanks,64.84,-147.72,52.0,93,90,3.36,US,1595437018
110,Beyneu,45.32,55.2,83.21,35,15,9.19,KZ,1595437133
111,Hammerfest,70.66,23.68,48.2,100,75,20.8,NO,1595437133
112,Kapaa,22.08,-159.32,71.6,100,75,8.05,US,1595437133
113,Ulladulla,-35.35,150.47,48.2,87,90,8.05,AU,1595437133
114,Nelson Bay,-32.72,152.15,48.0,100,97,1.12,AU,1595436840
115,Lyuban',52.8,28.0,60.64,75,0,10.78,BY,1595437133
116,Sitka,57.05,-135.33,57.2,82,90,1.83,US,1595436560
117,Lavrentiya,65.58,-171.0,47.32,65,0,2.35,RU,1595437133
118,Palāsa,18.77,84.42,81.23,88,100,9.33,IN,1595437134
119,Arraial do Cabo,-22.97,-42.03,78.8,69,0,4.7,BR,1595437134
120,Narsaq,60.92,-46.05,73.4,23,40,17.22,GL,1595436984
121,Severo-Kuril'sk,50.68,156.12,49.87,87,88,3.85,RU,1595436614
122,Laredo,27.51,-99.51,93.2,44,1,10.29,US,1595437072
123,Port Hardy,50.7,-127.42,59.0,82,90,6.93,CA,1595436550
124,Wana,32.3,69.57,79.14,51,1,3.22,PK,1595437134
125,Ahar,38.48,47.07,71.76,60,22,9.33,IR,1595437059
126,Along,28.17,94.77,73.17,87,98,1.32,IN,1595437135
127,Yumen,40.28,97.2,72.32,43,100,11.59,CN,1595437135
128,Kangaatsiaq,68.31,-53.46,49.82,69,89,14.45,GL,1595437135
129,Katsuura,35.13,140.3,77.0,91,82,9.48,JP,1595437135
130,Chokurdakh,70.63,147.92,70.65,54,95,4.94,RU,1595436664
131,Cape Town,-33.93,18.42,60.01,87,0,6.93,ZA,1595437003
132,Conceição da Barra,-18.59,-39.73,77.85,54,8,6.06,BR,1595437135
133,Henties Bay,-22.12,14.28,66.99,67,0,5.99,NA,1595437135
134,Avarua,-21.21,-159.78,73.4,100,10,12.75,CK,1595436553
135,Vestmannaeyjar,63.44,-20.27,55.4,82,40,5.82,IS,1595437135
136,Nome,64.5,-165.41,50.0,93,75,1.45,US,1595437136
137,Bambous Virieux,-20.34,57.76,66.2,82,40,19.46,MU,1595437136
138,Labuhan,-6.88,112.21,77.02,82,50,7.96,ID,1595436547
139,Toyoake,35.06,137.01,77.0,73,75,10.29,JP,1595437136
140,Kropotkin,45.44,40.58,74.12,57,2,4.07,RU,1595437136
141,Yellowknife,62.46,-114.35,66.2,82,75,9.17,CA,1595436895
142,Tolbazy,54.02,55.88,62.6,93,90,8.95,RU,1595437136
143,Miyako,39.64,141.95,68.74,90,100,1.9,JP,1595437136
144,Cherskiy,68.75,161.3,64.27,48,93,8.32,RU,1595436925
145,Bagdarin,54.43,113.6,56.12,90,100,2.55,RU,1595437136
146,Butaritari,3.07,172.79,82.9,76,11,13.98,KI,1595436891
147,Umba,66.69,34.34,61.18,77,37,11.12,RU,1595437137
148,Bilma,18.69,12.92,102.4,17,45,5.91,NE,1595436682
149,Devarkonda,16.7,78.93,84.85,66,100,2.66,IN,1595437137
150,Amiens,49.9,2.3,73.99,40,25,10.29,FR,1595437137
151,Clyde River,70.47,-68.59,44.6,100,90,4.7,CA,1595437137
152,Noumea,-22.28,166.46,69.01,77,90,1.12,NC,1595437093
153,Prome,18.82,95.22,77.11,87,100,4.99,MM,1595437138
154,Cap-Haïtien,19.76,-72.2,83.5,72,42,12.08,HT,1595437138
155,Karoi,-16.81,29.69,57.52,50,10,3.31,ZW,1595437138
156,Kodinsk,58.69,99.18,55.36,86,4,0.94,RU,1595437138
157,Oranjemund,-28.55,16.43,64.47,48,0,8.37,NA,1595436692
158,Palmer,42.16,-72.33,84.0,65,75,4.7,US,1595437004
159,Nagato,34.38,131.2,77.0,94,75,4.7,JP,1595437138
160,Hoima,1.44,31.34,66.33,87,78,0.47,UG,1595437138
161,Novopskov,49.55,39.09,67.87,75,23,9.64,UA,1595437138
162,Santa Cruz del Sur,20.71,-78.0,88.2,62,36,7.34,CU,1595437139
163,Provideniya,64.38,-173.3,51.1,65,0,4.29,RU,1595437139
164,Upernavik,72.79,-56.15,48.88,62,0,11.74,GL,1595437139
165,Codrington,-38.27,141.97,46.29,83,80,4.14,AU,1595436919
166,Geraldton,-28.77,114.6,53.6,87,0,4.7,AU,1595436413
167,Gayny,60.31,54.32,65.05,79,100,5.61,RU,1595437139
168,Mossamedes,-15.2,12.15,71.42,61,0,6.96,AO,1595436722
169,Chui,-33.7,-53.46,64.74,98,100,6.22,UY,1595437139
170,Whitehorse,60.72,-135.05,55.0,93,75,3.36,CA,1595436284
171,Fare,-16.7,-151.02,77.52,77,54,20.49,PF,1595437140
172,Namatanai,-3.67,152.43,79.03,81,41,7.96,PG,1595436914
173,Santa Cruz de la Sierra,-17.8,-63.17,86.0,62,75,20.8,BO,1595436460
174,Phek,25.67,94.5,63.32,100,92,1.9,IN,1595437140
175,San Patricio,19.22,-104.7,89.6,75,40,6.93,MX,1595436602
176,Sur,22.57,59.53,86.32,67,84,21.05,OM,1595437140
177,Coquimbo,-29.95,-71.34,57.2,67,75,6.93,CL,1595436740
178,Mar del Plata,-38.0,-57.56,50.0,93,90,27.51,AR,1595436918
179,Haines Junction,60.75,-137.51,53.33,69,100,3.49,CA,1595437141
180,Pathein,16.78,94.73,78.91,88,100,5.26,MM,1595437141
181,Labuan,5.28,115.24,80.6,88,20,3.36,MY,1595437141
182,Dzilam González,21.28,-88.93,94.91,45,2,0.74,MX,1595437141
183,Baruun-Urt,46.68,113.28,70.56,44,80,7.02,MN,1595437142
184,Mookane,-23.69,26.66,57.96,36,0,1.36,BW,1595437142
185,Craig,40.52,-107.55,71.6,40,1,15.88,US,1595437142
186,Upata,8.01,-62.4,86.0,72,84,1.01,VE,1595436670
187,Avigliana,45.08,7.4,82.0,61,75,3.36,IT,1595437142
188,Alugan,12.22,125.48,81.68,77,1,2.1,PH,1595437142
189,Hualmay,-11.1,-77.61,65.28,69,61,7.74,PE,1595436642
190,Jiaocheng,24.68,116.14,78.12,81,21,2.13,CN,1595437143
191,La Asuncion,11.03,-63.86,84.02,69,45,14.9,VE,1595437143
192,Muscat,23.61,58.59,84.2,83,73,6.93,OM,1595437143
193,Bayevo,53.28,80.77,58.82,82,10,5.21,RU,1595437143
194,Dunedin,-45.87,170.5,39.0,82,29,1.99,NZ,1595437143
195,La Ronge,55.1,-105.28,71.6,73,40,12.75,CA,1595437143
196,Zhicheng,30.3,111.5,79.0,88,100,4.81,CN,1595437143
197,Fort Frances,48.6,-93.4,75.0,52,1,3.36,CA,1595437144
198,Teruel,40.67,-0.67,80.6,24,40,14.99,ES,1595437144
199,Port-Gentil,-0.72,8.78,80.6,74,40,13.22,GA,1595436733
200,Angoche,-16.23,39.91,70.07,69,1,10.87,MZ,1595437144
201,Salalah,17.02,54.09,80.6,94,90,8.05,OM,1595437144
202,Ciudad Bolivar,8.12,-63.55,87.35,60,30,6.67,VE,1595437144
203,North Bend,43.41,-124.22,64.0,100,90,9.17,US,1595437144
204,Huarmey,-10.07,-78.15,66.52,68,59,10.85,PE,1595437144
205,Waimana,-38.15,177.08,52.0,71,31,3.0,NZ,1595437145
206,Santa Ana,33.75,-117.87,69.01,82,90,5.82,US,1595437036
207,São Filipe,14.9,-24.5,78.89,81,80,10.38,CV,1595436616
208,Wanning,18.8,110.4,81.77,81,3,7.31,CN,1595437145
209,Norman Wells,65.28,-126.83,57.2,87,75,8.05,CA,1595436590
210,Akdepe,42.06,59.38,93.2,26,100,13.87,TM,1595436628
211,Abancay,-13.63,-72.88,69.53,34,13,5.37,PE,1595437145
212,Saryg-Sep,51.5,95.6,55.65,89,82,2.86,RU,1595437145
213,Concepción del Oro,24.63,-101.42,69.66,48,80,5.75,MX,1595437145
214,Hong Kong,22.29,114.16,86.0,74,3,8.01,HK,1595436976
215,Gorontalo,0.54,123.06,75.16,88,66,3.65,ID,1595437146
216,Ulaangom,49.98,92.07,65.77,56,92,7.11,MN,1595437146
217,North Platte,41.12,-100.77,82.99,65,1,13.87,US,1595437146
218,Carnarvon,-24.87,113.63,60.8,100,0,6.93,AU,1595437146
219,Acapulco de Juárez,16.86,-99.89,86.0,70,75,2.75,MX,1595437146
220,Pisco,-13.7,-76.22,64.4,72,11,8.05,PE,1595436559
221,Shingū,33.73,135.98,73.65,90,100,4.76,JP,1595437146
222,Fortuna,40.6,-124.16,57.99,100,90,5.82,US,1595436665
223,Ukiah,39.15,-123.21,66.99,72,1,8.05,US,1595436799
224,San Quintín,30.48,-115.95,68.92,75,93,10.29,MX,1595437127
225,Rundu,-17.93,19.77,71.6,17,0,6.93,NA,1595437147
226,Great Falls,47.5,-111.3,84.0,34,1,9.17,US,1595437147
227,Pangnirtung,66.15,-65.71,62.6,55,90,17.22,CA,1595437147
228,Cockburn Town,21.46,-71.14,86.0,70,40,16.11,TC,1595436486
229,Rocha,-34.48,-54.33,66.76,92,100,7.61,UY,1595437147
230,Strezhevoy,60.73,77.59,55.4,66,27,2.24,RU,1595437148
231,Ahipara,-35.17,173.17,56.44,70,43,15.99,NZ,1595436727
232,Shādegān,30.65,48.66,102.2,63,1,6.93,IR,1595437148
233,Bethel,41.37,-73.41,84.99,69,75,6.93,US,1595437139
234,Arbazh,57.68,48.31,63.1,89,43,2.35,RU,1595437148
235,Zhigansk,66.77,123.37,58.17,73,39,10.2,RU,1595436737
236,Simao,22.79,100.97,65.26,95,95,2.64,CN,1595437148
237,Pevek,69.7,170.31,51.17,50,99,6.29,RU,1595436440
238,Kidal,18.44,1.41,102.88,19,10,3.91,ML,1595437148
239,Botwood,49.15,-55.35,80.01,42,76,1.01,CA,1595437148
240,Santander,43.46,-3.8,73.99,78,90,4.7,ES,1595437148
241,Redlands,34.06,-117.18,75.99,60,20,3.36,US,1595437004
242,Longyearbyen,78.22,15.64,48.2,76,75,13.87,SJ,1595436549
243,Bluefield,37.27,-81.22,82.99,78,40,9.17,US,1595437149
244,Berlevåg,70.86,29.09,50.0,93,75,14.99,NO,1595436479
245,Naze,28.37,129.48,78.8,94,20,2.24,JP,1595437149
246,San Cristobal,7.77,-72.22,87.8,48,40,4.7,VE,1595436607
247,Massaguet,12.48,15.44,80.6,78,20,10.29,TD,1595437149
248,Tilichiki,60.47,166.1,45.91,85,95,3.38,RU,1595436689
249,Dimbokro,6.65,-4.7,78.87,89,74,5.68,CI,1595437149
250,Chapais,49.78,-74.85,71.6,43,40,4.7,CA,1595437149
251,Polyanka,50.26,27.69,63.45,72,0,7.18,UA,1595436966
252,Borogontsy,62.67,131.17,57.09,76,70,8.1,RU,1595437150
253,Bathurst,-33.42,149.58,37.99,84,81,2.13,AU,1595437150
254,Saint-Joseph,-21.37,55.62,68.0,64,90,8.05,RE,1595437150
255,Saryozek,44.36,77.98,69.57,42,52,12.71,KZ,1595437150
256,Benguela,-12.58,13.41,72.48,71,0,5.19,AO,1595437150
257,Aklavik,68.22,-135.01,44.6,81,75,5.82,CA,1595436702
258,Padang,-0.95,100.35,73.4,100,75,3.36,ID,1595436949
259,Daoukro,7.06,-3.96,79.29,88,78,2.59,CI,1595437151
260,Richards Bay,-28.78,32.04,63.55,76,0,8.19,ZA,1595437151
261,Ayagoz,47.97,80.44,67.48,57,99,6.85,KZ,1595437151
262,Moree,-29.47,149.85,44.6,81,99,8.05,AU,1595436974
263,Seoul,37.57,126.98,71.6,94,90,1.19,KR,1595437055
264,Bilibino,68.05,166.44,62.87,55,99,3.02,RU,1595436938
265,Marion,39.77,-86.16,77.0,88,90,10.29,US,1595436894
266,Talnakh,69.49,88.4,57.2,71,1,22.37,RU,1595436697
267,Saskylakh,71.92,114.08,46.04,92,100,12.41,RU,1595436556
268,Mrganush,40.03,44.56,82.4,32,20,24.16,AM,1595437151
269,Udachny,66.42,112.4,55.4,100,90,6.71,RU,1595437151
270,Riyadh,24.69,46.72,105.8,12,9,8.05,SA,1595436266
271,Korla,41.76,86.15,77.0,84,96,3.0,CN,1595437152
272,Ambon City,-3.7,128.18,80.6,78,29,5.82,ID,1595436684
273,Waipawa,-41.41,175.52,53.6,62,0,13.87,NZ,1595437152
274,Pochutla,15.74,-96.47,86.0,66,75,4.03,MX,1595437152
275,Wenatchee,47.42,-120.31,81.0,44,1,16.11,US,1595437010
276,Kaitangata,-46.28,169.85,37.99,74,77,15.01,NZ,1595437152
277,Portland,45.52,-122.68,68.0,77,90,3.36,US,1595436604
278,Constantine,36.37,6.61,96.8,16,20,11.41,DZ,1595437152
279,Canguçu,-31.39,-52.68,79.0,69,100,3.36,BR,1595437022
280,Faanui,-16.48,-151.75,77.09,78,48,18.88,PF,1595436896
281,Talaya,61.38,152.75,52.03,72,25,7.09,RU,1595437153
282,Baharly,38.44,57.43,96.62,30,2,10.85,TM,1595437153
283,Bintulu,3.17,113.03,78.8,94,40,5.82,MY,1595437153
284,Meulaboh,4.14,96.13,77.38,86,100,3.31,ID,1595437153
285,Enniscorthy,52.5,-6.56,66.99,82,40,14.99,IE,1595437153
286,Tiksi,71.69,128.87,49.48,86,77,1.9,RU,1595437154
287,Āsosa,10.07,34.53,62.01,100,97,3.85,ET,1595437154
288,Murdochville,48.96,-65.5,69.87,41,91,12.06,CA,1595437154
289,College,64.86,-147.8,53.01,87,75,2.04,US,1595437154
290,Xining,36.62,101.77,65.35,58,98,4.52,CN,1595437154
291,Ponta do Sol,32.67,-17.1,71.01,68,2,2.19,PT,1595436432
292,Verāval,20.9,70.37,84.45,81,52,12.71,IN,1595437154
293,Denzlingen,48.07,7.88,82.4,34,8,10.29,DE,1595437155
294,Oktyabr'skoye,43.06,44.74,75.2,60,78,4.47,RU,1595437155
295,Arrondissement de Poitiers,46.58,0.33,84.2,30,2,9.17,FR,1595437155
296,Port Blair,11.67,92.75,82.89,74,100,3.24,IN,1595437155
297,Beringovskiy,63.05,179.32,46.49,84,0,4.43,RU,1595437155
298,Raudeberg,61.99,5.14,57.2,62,40,11.41,NO,1595437155
299,Aswān,24.09,32.91,98.98,12,0,13.02,EG,1595437155
300,Kanniyākumāri,8.08,77.57,81.05,82,100,6.38,IN,1595437155
301,Paraty,-23.22,-44.71,84.22,39,0,3.89,BR,1595437156
302,Mitsamiouli,-11.38,43.28,77.0,61,75,4.7,KM,1595437156
303,Kamaishi,39.27,141.88,69.62,86,100,2.77,JP,1595437156
304,Esperance,-33.87,121.9,57.2,54,75,18.34,AU,1595436913
305,San Policarpo,12.18,125.51,82.38,75,0,2.3,PH,1595437156
306,Gien,47.69,2.63,82.0,26,3,3.0,FR,1595437156
307,Grand Forks,47.93,-97.03,70.0,56,40,11.41,US,1595437156
308,Jaru,-10.44,-62.47,94.41,29,18,4.23,BR,1595437157
309,Olavarría,-36.89,-60.32,50.0,94,100,5.01,AR,1595437157
310,Norrtälje,59.76,18.7,66.99,43,72,1.99,SE,1595437157
311,Sørland,67.67,12.69,55.4,71,40,11.41,NO,1595437157
312,Mount Isa,-20.73,139.5,60.8,29,0,10.29,AU,1595437157
313,Maceió,-9.67,-35.74,80.6,65,40,9.17,BR,1595436953
314,Kayerkan,69.35,87.76,57.2,71,0,22.37,RU,1595437158
315,Guerrero Negro,27.98,-114.06,72.16,66,91,10.31,MX,1595437158
316,Grand-Lahou,5.14,-5.02,76.37,85,64,11.59,CI,1595437158
317,Kollam,8.88,76.6,82.4,83,40,1.12,IN,1595437158
318,Honningsvåg,70.98,25.97,50.0,93,75,11.41,NO,1595437158
319,Karpogory,64.0,44.45,68.68,70,80,9.84,RU,1595437158
320,Kununurra,-15.77,128.73,57.2,35,26,5.82,AU,1595436934
321,Brae,60.4,-1.35,57.2,76,20,10.29,GB,1595436695
322,Rock Sound,24.9,-76.2,83.75,76,100,18.1,BS,1595437159
323,Rimbey,52.63,-114.24,64.4,77,75,9.17,CA,1595437159
324,Luoyang,34.68,112.45,75.0,1,56,2.13,CN,1595437123
325,Djibouti,11.5,42.5,104.0,23,1,10.42,DJ,1595436976
326,Nara,34.69,135.8,80.01,32,100,3.04,JP,1595437055
327,Matagami,49.75,-77.63,73.4,46,40,1.14,CA,1595437159
328,Lompoc,34.64,-120.46,57.2,87,90,6.24,US,1595436449
329,Fort Smith,35.39,-94.4,91.0,66,75,6.93,US,1595437160
330,Oistins,13.07,-59.53,87.8,55,40,19.46,BB,1595437160
331,Morgan Hill,37.13,-121.65,64.99,77,90,12.75,US,1595437160
332,Vitória da Conquista,-14.87,-40.84,72.28,45,6,8.23,BR,1595437160
333,Vysha,53.85,42.38,63.05,93,41,6.44,RU,1595437160
334,Dolores,-36.31,-57.68,56.48,92,100,15.41,AR,1595437161
335,Cidreira,-30.18,-50.21,72.72,64,100,4.05,BR,1595437161
336,Tuktoyaktuk,69.45,-133.04,44.6,70,75,3.36,CA,1595437161
337,Anjozorobe,-18.4,47.87,55.4,76,75,9.17,MG,1595437161
338,Polyarny,69.2,33.45,75.2,50,64,11.18,RU,1595437161
339,Yar-Sale,66.83,70.83,49.69,73,3,5.91,RU,1595437161
340,Kolokani,13.57,-8.03,91.15,47,65,8.59,ML,1595437161
341,Puerto Baquerizo Moreno,-0.9,-89.6,73.4,83,75,11.41,EC,1595437161
342,Alyangula,-13.85,136.42,60.8,93,0,8.68,AU,1595437163
343,Nynäshamn,58.9,17.95,68.0,37,62,11.41,SE,1595437163
344,Sibu,2.3,111.82,77.0,94,40,1.12,MY,1595437163
345,Taoudenni,22.68,-3.98,115.74,9,0,8.81,ML,1595437163
346,Jacareacanga,-6.22,-57.75,97.7,27,0,3.04,BR,1595437163
347,Verkhnyaya Toyma,62.23,45.0,66.87,80,79,8.37,RU,1595437163
348,Viedma,-40.81,-63.0,45.0,85,100,7.0,AR,1595436995
349,Saint George,37.1,-113.58,93.99,22,1,3.36,US,1595437164
350,Iaciara,-14.1,-46.63,88.68,24,0,6.4,BR,1595437164
351,Totolapan,18.52,-96.18,88.0,66,20,1.12,MX,1595437164
352,Malanje,-9.54,16.34,74.26,21,0,3.29,AO,1595437164
353,San Jerónimo,-11.95,-75.28,61.36,32,7,1.79,PE,1595437150
354,Levski,43.37,25.13,88.0,29,86,1.01,BG,1595437164
355,Atasū,48.68,71.64,70.81,54,1,7.47,KZ,1595436641
356,Port Shepstone,-30.74,30.45,63.27,59,0,10.42,ZA,1595437164
357,Solnechnyy,50.72,136.63,60.21,94,100,3.44,RU,1595437165
358,Luwuk,-0.95,122.79,77.59,79,79,4.41,ID,1595437165
359,Roebourne,-20.78,117.13,69.48,61,0,6.69,AU,1595437165
360,Karasjok,69.47,25.51,51.8,93,75,14.99,NO,1595437165
361,Hamilton,39.18,-84.53,78.8,78,40,9.17,US,1595436741
362,Ostrovnoy,68.05,39.51,64.96,68,0,13.33,RU,1595436660
363,Camopi,3.17,-52.32,80.29,92,82,6.11,GF,1595437167
364,Vidim,56.41,103.11,54.07,94,8,3.18,RU,1595436578
365,Atar,20.52,-13.05,110.7,13,32,8.34,MR,1595437167
366,Walvis Bay,-22.96,14.51,82.4,20,0,9.17,NA,1595437167
367,Sabzawār,36.21,57.68,87.49,24,0,15.86,IR,1595437167
368,Te Anau,-45.42,167.72,34.88,86,69,4.07,NZ,1595436910
369,Half Moon Bay,37.46,-122.43,63.0,87,90,12.75,US,1595437167
370,Lidköping,58.51,13.16,66.99,52,36,14.99,SE,1595437167
371,Areosa,41.72,-8.86,87.01,73,0,4.7,PT,1595437168
372,Weru,-6.71,108.5,77.25,77,100,7.23,ID,1595437168
373,Los Llanos de Aridane,28.66,-17.92,77.0,69,40,17.22,ES,1595437168
374,Grindavik,63.84,-22.43,55.4,58,75,12.75,IS,1595437167
375,São João da Barra,-21.64,-41.05,86.0,42,0,2.24,BR,1595437168
376,Buta,2.79,24.73,73.24,94,100,2.3,CD,1595437168
377,Shimoda,34.67,138.95,72.0,88,72,7.05,JP,1595437168
378,Bunia,1.57,30.25,64.18,93,99,3.65,CD,1595436904
379,Vicuña,-30.03,-70.71,57.2,67,75,6.93,CL,1595436672
380,Puerto Escondido,15.85,-97.07,84.2,74,40,4.99,MX,1595436597
381,Mutare,-18.97,32.67,52.61,69,41,5.26,ZW,1595437169
382,Sinnamary,5.38,-52.95,82.87,77,39,7.29,GF,1595437169
383,Hofn,64.25,-15.21,50.72,84,100,9.31,IS,1595436925
384,Saint-Raphaël,19.43,-72.2,85.24,62,33,4.32,HT,1595437169
385,Cayenne,4.93,-52.33,84.2,70,40,5.82,GF,1595436726
386,Aragats,40.49,44.35,82.4,32,20,24.16,AM,1595437170
387,Māyakonda,14.28,76.08,75.92,86,100,10.83,IN,1595437170
388,Cortez,37.35,-108.59,71.01,60,75,6.93,US,1595437014
389,Aleksandrov Gay,50.15,48.57,77.68,42,63,7.58,RU,1595437170
390,Sabha,27.04,14.43,93.67,12,0,15.23,LY,1595437170
391,Coyhaique,-45.58,-72.07,33.8,74,75,4.7,CL,1595436718
392,Erenhot,43.65,111.98,80.76,40,43,9.53,CN,1595437170
393,Svrljig,43.41,22.12,86.0,45,20,10.29,RS,1595437170
394,Berdigestyakh,62.1,126.7,55.69,94,10,4.0,RU,1595437170
395,Asău,46.43,26.4,66.0,91,56,1.88,RO,1595436987
396,Biak,-0.91,122.88,76.89,82,77,6.15,ID,1595437171
397,Olinda,-8.01,-34.86,82.4,61,40,14.99,BR,1595436728
398,Mount Gambier,-37.83,140.77,44.6,100,90,6.93,AU,1595437171
399,Kautokeino,69.01,23.04,48.81,90,100,21.81,NO,1595437171
400,Alofi,-19.06,-169.92,73.4,100,30,5.82,NU,1595437171
401,Bay City,43.59,-83.89,81.0,65,90,10.29,US,1595437039
402,Jieshi,22.81,115.83,83.07,86,6,4.12,CN,1595437171
403,Oddur,4.12,43.89,77.58,57,91,20.47,SO,1595437172
404,Lexington,37.99,-84.48,86.0,62,20,10.29,US,1595437172
405,Dagatan,14.0,121.38,79.0,95,0,1.99,PH,1595437172
406,Camabatela,-8.19,15.38,73.26,24,0,4.14,AO,1595437172
407,Tigil',57.8,158.67,43.18,87,15,2.68,RU,1595437133
408,Skjervøy,70.03,20.97,50.0,100,75,11.41,NO,1595437172
409,Vardø,70.37,31.11,50.0,93,90,28.86,NO,1595437172
410,Kieta,-6.22,155.63,77.88,78,50,5.23,PG,1595437172
411,Altamira,-3.2,-52.21,89.6,52,40,10.29,BR,1595437172
412,Gulu,2.77,32.3,65.16,94,47,3.22,UG,1595437172
413,Kushima,31.46,131.23,75.0,94,26,5.01,JP,1595437173
414,Pitogo,13.78,122.09,79.54,88,4,3.85,PH,1595437173
415,Ārya,33.6,73.07,84.99,62,40,4.7,PK,1595437173
416,Bristol,41.83,-71.17,86.0,61,75,3.36,US,1595436883
417,Kabwe,-14.45,28.45,62.91,45,88,5.14,ZM,1595437173
418,Sri Aman,1.24,111.46,77.0,94,84,1.41,MY,1595437173
419,Ishim,56.11,69.49,62.35,68,39,1.88,RU,1595437173
420,Sawākin,19.11,37.33,90.84,47,2,8.19,SD,1595437173
421,Sulangan,11.14,123.72,84.43,74,27,5.3,PH,1595436623
422,Kālīnagar,28.62,80.1,81.03,77,12,5.14,IN,1595437174
423,Ullapool,57.9,-5.16,62.01,73,97,5.01,GB,1595437174
424,Amambai,-23.1,-55.23,83.01,31,100,11.36,BR,1595437175
425,Lamar,33.67,-95.58,81.0,78,90,3.36,US,1595437175
426,Myanaung,18.28,95.32,79.21,85,100,1.43,MM,1595437175
427,Serafimovskiy,54.42,53.8,59.79,97,100,7.38,RU,1595437175
428,Kruisfontein,-34.0,24.73,55.83,89,0,4.68,ZA,1595437175
429,Karatau,43.17,70.47,82.04,18,30,7.52,KZ,1595437175
430,Gigmoto,13.78,124.39,81.36,81,4,4.34,PH,1595437175
431,Tākestān,36.07,49.7,82.4,45,31,4.7,IR,1595437175
432,Mbuji-Mayi,-6.15,23.6,83.97,25,28,1.05,CD,1595437175
433,Kumul,42.8,93.45,83.66,24,100,6.24,CN,1595437175
434,Lüderitz,-26.65,15.16,71.6,53,0,2.24,NA,1595437176
435,Teeli,51.03,90.23,57.33,74,83,1.23,RU,1595437176
436,Cody,44.53,-109.06,88.0,18,1,4.7,US,1595437176
437,Svetlaya,46.54,138.33,59.11,93,68,5.03,RU,1595437176
438,Kambove,-10.88,26.6,63.5,42,52,3.18,CD,1595437176
439,Kuril'sk,45.23,147.88,55.24,94,100,9.89,RU,1595437176
440,Alamogordo,32.9,-105.96,84.99,44,20,8.05,US,1595436930
441,Makrāna,27.05,74.72,87.64,60,50,7.31,IN,1595437176
442,Aykhal,66.0,111.5,55.4,100,90,6.71,RU,1595436620
443,Senneterre,48.38,-77.23,66.2,68,90,8.05,CA,1595437177
444,Kyzyl-Suu,42.34,78.0,55.63,70,99,3.24,KG,1595437177
445,Villa del Rosario,7.83,-72.47,87.8,48,40,4.7,CO,1595437177
446,Bengkulu,-3.8,102.27,75.69,88,68,4.14,ID,1595436546
447,Arrondissement de Verdun,49.25,5.33,73.0,47,96,5.84,FR,1595437178
448,Vakhtan,57.97,46.69,62.24,94,80,4.7,RU,1595437178
449,Kologriv,58.83,44.32,61.09,95,54,6.24,RU,1595437178
450,Røros,62.57,11.38,48.2,70,75,13.87,NO,1595437178
451,Nabire,-3.37,135.48,75.9,89,85,3.89,ID,1595437178
452,Denpasar,-8.65,115.22,78.8,100,20,10.29,ID,1595437179
453,Arlit,18.74,7.39,107.01,12,31,11.79,NE,1595436930
454,Hartlepool,54.69,-1.21,62.01,79,98,3.0,GB,1595437179
455,Bandarbeyla,9.49,50.81,78.6,70,50,27.78,SO,1595436639
456,Cananéia,-25.01,-47.93,77.65,53,1,4.88,BR,1595437179
457,Cocobeach,1.0,9.58,78.8,83,40,6.93,GA,1595437179
458,Bichura,50.59,107.6,68.31,64,41,1.68,RU,1595437180
459,Mildura,-34.2,142.15,35.6,93,0,4.7,AU,1595437180
460,Sechura,-5.56,-80.82,73.81,55,43,9.66,PE,1595437180
461,Camacha,33.08,-16.33,71.6,68,40,14.99,PT,1595436458
462,Lixouri,38.2,20.43,87.8,43,20,18.34,GR,1595437180
463,Chernyshevskiy,63.01,112.47,49.28,99,100,7.49,RU,1595437180
464,Hervey Bay,-25.3,152.85,59.0,95,100,7.0,AU,1595437180
465,Ilulissat,69.22,-51.1,53.6,54,40,5.82,GL,1595437157
466,Tūkrah,32.53,20.58,78.26,65,0,9.28,LY,1595437181
467,Tambacounda,13.75,-13.76,91.4,59,40,4.7,SN,1595437181
468,Alta,69.97,23.27,51.8,87,75,17.22,NO,1595437181
469,Kudahuvadhoo,2.67,72.89,83.39,74,38,15.03,MV,1595437181
470,Etchoropo,26.77,-109.67,91.0,53,98,13.0,MX,1595437181
471,Black Forest,39.01,-104.7,80.01,38,20,3.36,US,1595436959
472,Singaparna,-7.35,108.11,70.93,91,100,1.83,ID,1595437181
473,Celestún,20.87,-90.4,86.95,62,9,6.38,MX,1595437181
474,Oskemen,49.96,82.61,62.6,67,32,4.47,KZ,1595437182
475,Shakiso,5.75,38.92,57.56,93,41,2.08,ET,1595437182
476,Agadez,19.75,10.25,99.86,17,50,10.27,NE,1595437182
477,Vredendal,-31.67,18.5,63.37,48,0,8.1,ZA,1595437182
478,Elbistan,38.21,37.2,73.51,45,0,7.31,TR,1595436906
479,Moroni,-11.7,43.26,77.0,61,75,4.7,KM,1595437182
480,Samarai,-10.62,150.67,76.66,82,90,13.11,PG,1595437182
481,Merke,42.87,73.18,75.02,29,23,8.63,KZ,1595437182
482,Locri,38.24,16.26,84.2,62,20,19.46,IT,1595437183
483,Moju,-1.88,-48.77,89.6,55,40,5.82,BR,1595437055
484,Arganil,40.22,-8.05,91.0,40,4,8.01,PT,1595437183
485,Heihe,50.24,127.49,62.6,93,46,3.49,CN,1595437183
486,Giyani,-23.3,30.72,61.07,47,0,3.56,ZA,1595437183
487,Boende,-0.22,20.87,82.71,54,99,1.68,CD,1595437183
488,Laas,46.62,10.7,75.0,46,40,4.7,IT,1595437183
489,Teya,60.38,92.63,53.38,92,100,2.1,RU,1595437183
490,Altay,47.87,88.12,63.12,59,88,3.71,CN,1595437183
491,Poum,-20.23,164.02,71.06,76,77,20.22,NC,1595437183
492,Port Keats,-14.25,129.55,65.59,37,17,12.17,AU,1595437184
493,Mīrābād,30.44,61.84,87.44,12,0,2.13,AF,1595437184
494,Kadoshkino,54.03,44.42,64.18,85,71,6.98,RU,1595437184
495,Sambava,-14.27,50.17,69.4,73,46,19.15,MG,1595437184
496,Byron Bay,-28.65,153.62,55.4,82,90,9.17,AU,1595437184
497,Luanda,-8.84,13.23,73.4,83,40,9.17,AO,1595436960
498,Elliot,-31.33,27.85,49.98,38,0,2.35,ZA,1595437185
499,Cochrane,51.18,-114.47,72.0,72,1,12.75,CA,1595437028
